Product Category,Product Subcategory,Source
Cooking_Appliances,Freestanding Oven,https://www.homedepot.com/b/Appliances-Ranges/Freestanding/N-5yc1vZc3o9Z1z127eh
Cooking_Appliances,Freestanding Oven,https://www.whirlpool.com/kitchen/cooking/ranges/single-oven-freestanding.html
Cooking_Appliances,Freestanding Oven,https://www.metroappliancesandmore.com/cooking/ranges/electric-freestanding-ranges/
Cooking_Appliances,Freestanding Oven,https://www.amazon.com/Ranges-Freestanding-Ovens-Cooktops/s?keywords=Ranges&rh=n%3A3741411%2Cp_n_feature_two_browse-bin%3A2684319011&c=ts&ts_id=3741411
Cooking_Appliances,Freestanding Oven,https://www.homedepot.com/b/Appliances-Ranges-Electric-Ranges/Freestanding/N-5yc1vZc3obZ1z127eh
Cooking_Appliances,Freestanding Oven,https://www.kitchenaid.com/major-appliances/ranges/freestanding-ranges.html
Cooking_Appliances,Freestanding Oven,https://www.lowes.com/pl/Freestanding--Kitchen-appliance-packages-Appliances/2020942007672?refinement=4294882834
Cooking_Appliances,Freestanding Oven,https://www.bestbuy.com/site/shop/freestanding-ovens-sale
Cooking_Appliances,Freestanding Oven,https://www.amazon.com/freestanding-ranges/b?node=3741431
Cooking_Appliances,Freestanding Oven,https://appliances.us-appliance.com/appliances/Free-Standing-Ovens
Cooking_Appliances,Freestanding Oven,https://us.bertazzoni.com/products/ranges
Cooking_Appliances,Freestanding Oven,https://www.geappliances.com/appliances/free-standing-electric-ranges/
Cooking_Appliances,Freestanding Oven,https://www.lowes.com/pl/Freestanding--Double-oven-electric-ranges-Electric-ranges-Ranges-Appliances/4294715781?refinement=4294882834
Cooking_Appliances,Freestanding Oven,https://www.vikingrange.com/consumer/category/products/cooking/freestanding-ranges
Cooking_Appliances,Freestanding Oven,https://www.whirlpool.com/blog/kitchen/slide-in-vs-freestanding-range.html
Cooking_Appliances,Freestanding Oven,https://www.cafeappliances.com/cooking/ranges/
Cooking_Appliances,Freestanding Oven,https://www.lg.com/levant_en/free-standing-oven
Cooking_Appliances,Freestanding Oven,https://www.bestbuy.com/site/ranges-ovens-stoves/ranges/abcat0904003.c?id=abcat0904003
Cooking_Appliances,Freestanding Oven,https://www.kitchenaid.com/pinch-of-help/major-appliances/freestanding-vs-slide-in-range.html
Cooking_Appliances,Built-In Oven,https://www.homedepot.com/b/Appliances-Wall-Ovens/N-5yc1vZc3nq
Cooking_Appliances,Built-In Oven,https://www.dacor.com/us/products/cooking/built-in-oven/
Cooking_Appliances,Built-In Oven,https://www.slagerappliances.com/catalog/wall-ovens
Cooking_Appliances,Built-In Oven,https://shop.sharpusa.com/products/wall-ovens/
Cooking_Appliances,Built-In Oven,https://www.summitappliance.com/search?c=44
Cooking_Appliances,Built-In Oven,https://www.amazon.com/Wall-Ovens/b?ie=UTF8&node=3741481
Cooking_Appliances,Built-In Oven,https://www.a1appliance.com/catalog/wall-ovens
Cooking_Appliances,Built-In Oven,https://www.daviesappliance.com/catalog/wall-ovens
Cooking_Appliances,Built-In Oven,https://www.townappliance.com/collections/wall-ovens
Cooking_Appliances,Built-In Oven,https://www.cafeappliances.com/cooking/wall-ovens/
Cooking_Appliances,Built-In Oven,https://appliancedepot.com/shop-now/cooking/wall-ovens/built-in-electric
Cooking_Appliances,Built-In Oven,https://www.bestbuy.com/site/kitchen-appliance-packages/built-in-packages/pcmcat748301110828.c?id=pcmcat748301110828
Cooking_Appliances,Built-In Oven,https://www.geappliances.com/ge-appliances/kitchen/wall-ovens/
Cooking_Appliances,Built-In Oven,https://www.fredsappliances.com/catalog/electric-double-oven-built-in
Cooking_Appliances,Built-In Oven,https://www.donsappliances.com/catalog/electric-double-oven-built-in
Cooking_Appliances,Built-In Oven,https://www.mountainhighappliance.com/cooking/ovens/
Cooking_Appliances,Built-In Oven,https://www.lg.com/levant_en/built-in-ovens
Cooking_Appliances,Built-In Oven,https://www.grandappliance.com/catalog/electric-oven-micro-combo-built-in
Cooking_Appliances,Cooktop,https://www.coastappliances.ca/collections/cooktops
Cooking_Appliances,Cooktop,https://www.trailappliances.com/cooking/cooktops/electric-cooktops
Cooking_Appliances,Cooktop,https://www.homedepot.com/b/Appliances-Cooktops/N-5yc1vZc3oq
Cooking_Appliances,Cooktop,https://www.teppermans.com/appliances/kitchen-appliances/cooktops-wall-ovens/cooktops
Cooking_Appliances,Cooktop,https://www.canadianappliance.ca/Cooktops-and-Stove-Tops-17/
Cooking_Appliances,Cooktop,https://blueribbonappliances.ca/cooking/cooktops/
Cooking_Appliances,Cooktop,https://www.whirlpool.com/blog/kitchen/types-of-cooktops.html
Cooking_Appliances,Cooktop,https://www.trailappliances.com/cooking/cooktops/induction-cooktops
Cooking_Appliances,Cooktop,https://www.lansdowneappliance.com/en/catalog/12949-kitchen/460-cooktops
Cooking_Appliances,Cooktop,https://www.samsung.com/ca/cooking-appliances/cooktop/
Cooking_Appliances,Cooktop,https://www.homedepot.ca/en/home/categories/appliances/cooktops.html
Cooking_Appliances,Cooktop,https://aeg-appliances.ca/kitchen-appliances/cooktops/
Cooking_Appliances,Cooktop,https://www.whirlpool.ca/en_ca/kitchen/cooking/cooktops.html
Cooking_Appliances,Cooktop,https://www.kitchenaid.com/pinch-of-help/major-appliances/types-of-cooktops.html
Cooking_Appliances,Cooktop,https://www.bosch-home.ca/en/shop-products/cooking-baking/induction-electric-cooktops/induction-cooktops
Cooking_Appliances,Cooktop,https://geappliances.ca/en_CA/en_CA/Cooking/Cooktops/c/4
Cooking_Appliances,Cooktop,https://www.consumerreports.org/appliances/ranges/pros-and-cons-of-induction-cooktops-and-ranges-a5854942923/
Cooking_Appliances,Cooktop,https://www.maytag.ca/en_ca/kitchen/cooking/cooktops/electric.html
Cooking_Appliances,Cooktop,https://ca.subzero-wolf.com/en/wolf
Cooking_Appliances,Cooktop,https://www.taappliance.com/collections/induction-cooktops
Cooking_Appliances,Cooking Range,https://www.homedepot.com/b/Appliances-Ranges/N-5yc1vZc3o9
Cooking_Appliances,Cooking Range,https://us.bertazzoni.com/products/ranges
Cooking_Appliances,Cooking Range,https://www.bestbuy.com/site/home-appliances/ranges-ovens-stoves/abcat0904000.c?id=abcat0904000
Cooking_Appliances,Cooking Range,https://bigchill.com/shop/ranges-and-stoves.aspx
Cooking_Appliances,Cooking Range,https://www.us-appliance.com/ranges.html
Cooking_Appliances,Cooking Range,https://www.cafeappliances.com/cooking/ranges/
Cooking_Appliances,Cooking Range,https://www.kitchenaid.com/major-appliances/ranges/see-all.html
Cooking_Appliances,Cooking Range,https://www.whirlpool.com/kitchen/cooking/ranges/see-all.html
Cooking_Appliances,Cooking Range,https://www.bestbuy.com/site/ranges-ovens-stoves/ranges/abcat0904003.c?id=abcat0904003
Cooking_Appliances,Cooking Range,https://www.mountainhighappliance.com/cooking/ranges/
Cooking_Appliances,Cooking Range,https://www.whirlpool.com/blog/kitchen/what-is-a-kitchen-range.html
Cooking_Appliances,Cooking Range,https://www.premiumhomesource.com/collections/ranges
Cooking_Appliances,Cooking Range,https://www.kitchenaid.com/pinch-of-help/major-appliances/what-is-a-kitchen-range.html
Cooking_Appliances,Cooking Range,https://www.homedepot.com/b/Appliances-Ranges-Electric-Ranges/N-5yc1vZc3ob
Cooking_Appliances,Cooking Range,https://www.geappliances.com/ge/range-stove.htm
Cooking_Appliances,Cooking Range,https://www.consumerreports.org/appliances/ranges/buying-guide/
Cooking_Appliances,Cooking Range,https://www.lowes.com/c/Ranges-Appliances
Cooking_Appliances,Cooking Range,https://www.bluestarcooking.com/
Cooling_Freezing,Refrigerator,https://www.whirlpool.com/blog/kitchen/food-freezes-in-refrigerator.html
Cooling_Freezing,Refrigerator,https://www.asurion.com/connect/tech-tips/fix-refrigerator-too-cold/
Cooling_Freezing,Refrigerator,https://www.reddit.com/r/fixit/comments/vhf50u/freezer_keeps_freezing_over_fridge_below_not/
Cooling_Freezing,Refrigerator,https://www.kitchenaid.com/pinch-of-help/major-appliances/fridge-freezing-food.html
Cooling_Freezing,Refrigerator,https://www.quora.com/What-usually-causes-a-refrigerator-to-stop-cooling-yet-the-freezer-unit-is-very-cold
Cooling_Freezing,Refrigerator,https://www.tcl.com/global/en/blog/playbooks/why-is-my-fridge-freezing-everything
Cooling_Freezing,Refrigerator,https://wilshirerefrigeration.com/why-is-my-refrigerator-freezing-food/
Cooling_Freezing,Refrigerator,https://www.ifixit.com/Answers/View/234558/Fridge+isn't+cooling+and+has+ice+build-up.+How+do+I+fix+it
Cooling_Freezing,Refrigerator,https://diy.stackexchange.com/questions/108219/freezer-not-freezing-fridge-works-fine
Cooling_Freezing,Refrigerator,https://producthelp.whirlpool.com/Refrigeration/Full-Size_Refrigerators/Product_Info/Tips_and_Tricks/Preventing_Food_from_Freezing_in_the_Refrigerator
Cooling_Freezing,Refrigerator,https://www.acima.com/blog/why-is-my-fridge-freezing-everything
Cooling_Freezing,Refrigerator,https://universalappliancerepair.com/5-reasons-why-your-refrigerator-is-freezing-everything/
Cooling_Freezing,Refrigerator,https://www.ifixit.com/Answers/View/86495/Why+are+my+fridge+and+freezer+not+cooling
Cooling_Freezing,Refrigerator,https://www.cold-rite.com.au/post/causes-of-frozen-refrigerator-pipes-and-how-to-fix-them/
Cooling_Freezing,Refrigerator,https://homeforce.net/why-is-my-fridge-freezing-up-at-the-back-reasons-easy-fixes/
Cooling_Freezing,Refrigerator,https://arcticwalkins.com/why-is-my-walk-in-cooler-freezing-up/
Cooling_Freezing,Refrigerator,https://www.familyhandyman.com/project/fix-refrigerator-problems/
Cooling_Freezing,Refrigerator,https://reviewed.usatoday.com/refrigerators/features/how-to-prevent-accidental-food-freezing-in-fridge
Cooling_Freezing,Freezer,https://www.searshomeservices.com/blog/5-most-common-freezer-problems-and-solutions
Cooling_Freezing,Freezer,https://www.ahs.com/home-matters/diy-tips/freezer-not-freezing/
Cooling_Freezing,Freezer,https://www.quora.com/If-the-freezer-stops-working-due-to-cold-will-it-work-again-when-it-s-warmer
Cooling_Freezing,Freezer,https://www.maytag.com/blog/kitchen/why-is-my-freezer-not-freezing.html
Cooling_Freezing,Freezer,https://www.reddit.com/r/fixit/comments/vhf50u/freezer_keeps_freezing_over_fridge_below_not/
Cooling_Freezing,Freezer,https://www.whirlpool.com/blog/kitchen/freezer-not-freezing.html
Cooling_Freezing,Freezer,https://www.asurion.com/connect/tech-tips/fix-freezer-too-cold/
Cooling_Freezing,Freezer,https://www.ifixit.com/Answers/View/447117/Freezer+is+not+circulating+cold+air
Cooling_Freezing,Freezer,https://diy.stackexchange.com/questions/44595/freezer-is-cold-but-not-freezing-at-all
Cooling_Freezing,Freezer,https://www.reddit.com/r/Appliances/comments/14ukvfh/freezer_is_cold_but_not_freezing/
Cooling_Freezing,Freezer,https://www.mrappliance.com/blog/2022/july/freezer-not-freezing-troubleshooting-tips-to-dro/
Cooling_Freezing,Freezer,https://www.physicsforums.com/threads/unplugged-chest-freezer-and-it-wont-freeze-anymore-why.990927/
Cooling_Freezing,Freezer,https://www.ifixit.com/Answers/View/804388/Freezer+cold+but+not+freezing
Cooling_Freezing,Freezer,https://www.angi.com/articles/why-wont-freezer-freeze-ice-cream.htm
Cooling_Freezing,Freezer,https://www.whirlpool.com/blog/kitchen/freezer-too-cold.html
Cooling_Freezing,Freezer,https://www.familyhandyman.com/project/why-is-my-freezer-not-freezing/
Cooling_Freezing,Freezer,https://arcticwalkins.com/why-is-my-walk-in-cooler-freezing-up/
Cooling_Freezing,Freezer,https://repair.geappliances.com/resources/faq/article/why-is-my-freezer-not-freezing
Cooling_Freezing,Freezer,https://www.selecthomewarranty.com/blog/freezer-wont-freeze/
Cooling_Freezing,Bottle Cooler,https://hvac-talk.com/vbb/threads/337292-Small-bottle-coolers-Freezing
Cooling_Freezing,Bottle Cooler,https://www.reddit.com/r/camping/comments/15ekukj/packing_cooler_with_ice_vs_frozen_water_bottles/
Cooling_Freezing,Bottle Cooler,https://www.amazon.com/Below-Classic-Can-Bottle-Cooler/dp/B09G3K8P4L
Cooling_Freezing,Bottle Cooler,https://chillwithhost.com/products/10012
Cooling_Freezing,Bottle Cooler,https://www.quora.com/What-would-cause-the-drinks-in-my-refrigerator-to-start-freezing
Cooling_Freezing,Bottle Cooler,https://expeditionportal.com/forum/threads/why-not-use-frozen-water-bottles-for-cooler-for-2-3-day-trips.173215/page-3
Cooling_Freezing,Bottle Cooler,https://forums.paddling.com/t/freezing-water-bottles/35381
Cooling_Freezing,Bottle Cooler,https://www.amazon.com/Beverage-Insulated-Stainless-Freezable-Chilling/dp/B0B63H55WL
Cooling_Freezing,Bottle Cooler,https://lifehacks.stackexchange.com/questions/2107/how-can-i-quickly-cool-a-water-bottle
Cooling_Freezing,Bottle Cooler,https://www.migali.com/products/commercial-kitchen/commercial-refrigeration/horizontal-bottle-coolers
Cooling_Freezing,Bottle Cooler,https://www.webstaurantstore.com/guide/949/beverage-air-cooler-troubleshooting-guide.html
Cooling_Freezing,Bottle Cooler,https://www.hunttalk.com/threads/cooler-ice-advice.267806/
Cooling_Freezing,Bottle Cooler,https://www.youtube.com/watch?v=iUYv2cVHOYU
Cooling_Freezing,Bottle Cooler,https://www.homebrewtalk.com/threads/cooling-coil-freezing-beer.697545/
Cooling_Freezing,Bottle Cooler,https://www.quora.com/How-does-putting-a-bottle-in-the-freezer-affect-its-temperature
Cooling_Freezing,Bottle Cooler,https://forum.northernbrewer.com/t/using-frozen-water-bottle-as-a-wort-chiller/21635
Cooling_Freezing,Bottle Cooler,https://www2.billionavenue.com/?o=bottle-cooler-with-freezing-packs-x-pDNaJwHA
Cooling_Freezing,Bottle Cooler,https://www.partstown.com/cm/resource-center/guides/gd1/beverage-air-cooler-troubleshooting
Cooling_Freezing,Bottle Cooler,https://www.youtube.com/watch?v=YlQiEalHaak
Washing_Machine,Washing Machine,https://www.homedepot.com/b/Appliances-Washers-Dryers-Washing-Machines/N-5yc1vZc3ov
Washing_Machine,Washing Machine,https://www.bestbuy.com/site/washers-dryers/washers-washing-machines/abcat0910001.c?id=abcat0910001
Washing_Machine,Washing Machine,https://www.lowes.com/pl/Washing-machines-Washers-dryers-Appliances/4294857977
Washing_Machine,Washing Machine,https://www.amazon.com/Washers/b?ie=UTF8&node=13397491
Washing_Machine,Washing Machine,https://www.homedepot.com/b/Appliances-Washers-Dryers-Washing-Machines-Top-Load-Washers/N-5yc1vZc3oc
Washing_Machine,Washing Machine,https://www.samsung.com/us/washers/
Washing_Machine,Washing Machine,https://www.whirlpool.com/laundry/washers/see-all.html
Washing_Machine,Washing Machine,https://www.amazon.com/washing-machine/s?k=washing+machine
Washing_Machine,Washing Machine,https://www.lg.com/us/washers
Washing_Machine,Washing Machine,https://www.mieleusa.com/e/washing-machines-1015696-c
Washing_Machine,Washing Machine,https://www.walmart.com/browse/home/washing-machines/4044_90548_3295848_8058687
Washing_Machine,Washing Machine,https://www.electrolux.com/en/washers-dryers/washing-machine
Washing_Machine,Washing Machine,https://www.costco.com/washers.html
Washing_Machine,Washing Machine,https://www.sears.com/appliances-washers/b-1101269
Washing_Machine,Washing Machine,https://www.lowes.com/c/Washers-dryers-Appliances
Washing_Machine,Washing Machine,https://www.samsung.com/us/home-appliances/washers/all-washers/
Washing_Machine,Washing Machine,https://www.bosch-home.com/us/productslist/washers-and-dryers/washing-machines
Dishwasher,Dishwasher,https://www.homedepot.com/b/Appliances-Dishwashers/N-5yc1vZc3po
Dishwasher,Dishwasher,https://www.bestbuy.com/site/home-appliances/dishwashers/abcat0905000.c?id=abcat0905000
Dishwasher,Dishwasher,https://www.costco.com/dishwashers.html
Dishwasher,Dishwasher,https://www.lowes.com/c/Dishwashers-Appliances
Dishwasher,Dishwasher,https://www.amazon.com/dishwashers/b?node=3741271
Dishwasher,Dishwasher,https://us.fotileglobal.com/collections/in-sink-dishwasher
Dishwasher,Dishwasher,https://www.fredsappliances.com/catalog/dishwashers
Dishwasher,Dishwasher,https://www.whirlpool.com/kitchen/dishwasher-and-cleaning/dishwashers.html
Dishwasher,Dishwasher,https://www.percys.com/catalog/dishwashers
Dishwasher,Dishwasher,https://www.bascoappliances.com/Appliances/Dishwasher
Dishwasher,Dishwasher,https://www.nytimes.com/wirecutter/reviews/the-best-dishwasher/
Dishwasher,Dishwasher,https://www.lg.com/us/dishwashers
Dishwasher,Dishwasher,https://www.samsung.com/us/home-appliances/dishwashers/all-dishwashers/
Dishwasher,Dishwasher,https://www.amana.com/kitchen/dishwashers.html
Dishwasher,Dishwasher,https://www.fisherpaykel.com/us/dishwashing/
Dishwasher,Dishwasher,https://www.mieleusa.com/e/dishwashers-1015063-c
Dishwasher,Dishwasher,https://www.geappliances.com/ge-appliances/kitchen/dishwashers/
Dishwasher,Dishwasher,https://www.frigidaire.com/en/kitchen-appliances/dishwashers/view-all
Dryer,Dryer,https://www.homedepot.com/b/Appliances-Washers-Dryers-Dryers/N-5yc1vZc3p3
Dryer,Dryer,https://www.electrolux.com/en/washers-dryers/dryer
Dryer,Dryer,https://www.lowes.com/pl/Dryers-Washers-dryers-Appliances/4294857980
Dryer,Dryer,https://www.bestbuy.com/site/dryers/electric-dryers/pcmcat232900050031.c?id=pcmcat232900050031
Dryer,Dryer,https://www.lg.com/us/dryers
Dryer,Dryer,https://www.lowes.com/pl/Electric-dryers-Dryers-Washers-dryers-Appliances/4294857979
Dryer,Dryer,https://www.homedepot.com/b/Appliances-Washers-Dryers/N-5yc1vZc3ol
Dryer,Dryer,https://www.amazon.com/Portable-Apartments-Stainless-Apartment-Blue/dp/B0BMFG6Y4Z
Dryer,Dryer,https://www.rosners.com/Appliances/Dryer
Dryer,Dryer,https://www.whirlpool.com/laundry/dryers.html
Dryer,Dryer,https://www.costco.com/electric-dryers.html
Dryer,Dryer,https://www.maytag.com/washers-and-dryers/dryers/see-all.html
Dryer,Dryer,https://www.samsung.com/us/dryers/
Dryer,Dryer,https://www.amazon.com/Clothes-Portable-apartments-Generation-Electric/dp/B08GZXLT74
Dryer,Dryer,https://www.mieleusa.com/e/tumble-dryers-1015698-c
Dryer,Dryer,https://www.costco.com/laundry-appliances.html
Dryer,Dryer,https://www.amana.com/laundry/dryers.html
Dryer,Dryer,https://www.geappliances.com/ge-appliances/laundry/dryers/electric-dryers/
Dryer,Dryer,https://www.bestbuy.com/site/home-appliances/washers-dryers/abcat0910000.c?id=abcat0910000
Television,Television,https://en.wikipedia.org/wiki/Television_(Television_album)
Television,Television,https://www.amazon.com/Television-TELEVISION/dp/B000008LG0
Television,Television,https://en.wikipedia.org/wiki/Television_(band)
Television,Television,https://www.britannica.com/topic/Television-American-rock-group
Television,Television,https://rateyourmusic.com/release/album/television/television/
Television,Television,https://www.discogs.com/master/179048-Television-Television
Television,Television,https://www.allmusic.com/album/television-mw0000087458
Television,Television,https://www.discogs.com/release/380283-Television-Television
Television,Television,https://genius.com/artists/Television
Television,Television,https://www.youtube.com/watch?v=Y0ecJ24qyAE
Television,Television,https://www.pastpri.me/home/television-self-titled
Television,Television,https://www.bestbuy.com/site/tv-home-theater/tvs/abcat0101000.c?id=abcat0101000
Television,Television,https://www.reddit.com/r/learnspanish/comments/193fbhs/televisi%C3%B3n_or_televisor/
Television,Television,https://pitchfork.com/artists/4341-television/
Television,Television,https://www.fcc.gov/media/television/television
Television,Television,https://www.rollingstone.com/music/music-album-reviews/television-196438/
Television,Television,https://dictionary.cambridge.org/us/dictionary/english/television
Television,Television,https://open.spotify.com/artist/0S7Zur2g8YhqlzqtlYStli
